{"cameraMode":{"drawMode":0,"name":"Shaded","section":"Shading Mode"},"sceneLighting":true,"audioPlay":false,"sceneViewState":{"showFog":true,"showMaterialUpdate":false,"showSkybox":true,"showFlares":true,"showImageEffects":true,"showParticleSystems":true},"in2DMode":false,"pivot":{"x":-20.939062118530275,"y":1.4778709411621094,"z":18.98794174194336},"rotation":{"x":-0.1839790791273117,"y":0.08333727717399597,"z":-0.015656929463148118,"w":-0.9792658090591431},"size":58.163639068603519,"orthographic":false}