{"cameraMode":{"drawMode":0,"name":"Shaded","section":"Shading Mode"},"sceneLighting":true,"audioPlay":false,"sceneViewState":{"showFog":true,"showMaterialUpdate":false,"showSkybox":true,"showFlares":true,"showImageEffects":true,"showParticleSystems":true},"in2DMode":false,"pivot":{"x":5.260638236999512,"y":-12.291372299194336,"z":86.8624038696289},"rotation":{"x":-0.4768443703651428,"y":0.5218239426612854,"z":-0.47370269894599917,"w":-0.5252856016159058},"size":114.31217956542969,"orthographic":true}