{"cameraMode":{"drawMode":0,"name":"Shaded","section":"Shading Mode"},"sceneLighting":true,"audioPlay":false,"sceneViewState":{"showFog":true,"showMaterialUpdate":false,"showSkybox":true,"showFlares":true,"showImageEffects":true,"showParticleSystems":true},"in2DMode":false,"pivot":{"x":9.52897834777832,"y":20.009634017944337,"z":86.5234375},"rotation":{"x":0.45883986353874209,"y":-0.5376598834991455,"z":0.4566437005996704,"w":0.5402448177337647},"size":109.01036071777344,"orthographic":true}