{"cameraMode":{"drawMode":0,"name":"Shaded","section":"Shading Mode"},"sceneLighting":true,"audioPlay":false,"sceneViewState":{"showFog":true,"showMaterialUpdate":false,"showSkybox":true,"showFlares":true,"showImageEffects":true,"showParticleSystems":true},"in2DMode":false,"pivot":{"x":-4.875993251800537,"y":-13.114608764648438,"z":83.32270812988281},"rotation":{"x":0.502666711807251,"y":-0.49726825952529909,"z":0.494293749332428,"w":0.5056917071342468},"size":141.67552185058595,"orthographic":false}